{
  "internal_comparison": {
    "advanced_algorithmic": {
      "analyzer_name": "advanced_algorithmic",
      "test_count": 5,
      "total_time": 0.02025151252746582,
      "avg_time": 0.00401158332824707,
      "min_time": 0.0009796619415283203,
      "max_time": 0.015879154205322266,
      "median_time": 0.0010933876037597656,
      "avg_cpu_percent": 0.0,
      "avg_memory_mb": 391.03515625,
      "peak_memory_mb": 391.03515625,
      "success_rate": 100.0,
      "error_count": 0,
      "items_per_second": 246.8951389788206,
      "memory_growth_mb": 0.3671875,
      "cpu_efficiency": 0,
      "latency_p95": 0.015879154205322266,
      "latency_p99": 0.015879154205322266,
      "hottest_function": "",
      "profile_data": null
    },
    "qwen": {
      "analyzer_name": "qwen",
      "test_count": 5,
      "total_time": 94.06741619110107,
      "avg_time": 18.813445615768433,
      "min_time": 13.506387710571289,
      "max_time": 29.65984869003296,
      "median_time": 17.005619764328003,
      "avg_cpu_percent": 0.15574543311726577,
      "avg_memory_mb": 406.31735691661754,
      "peak_memory_mb": 406.3671875,
      "success_rate": 100.0,
      "error_count": 0,
      "items_per_second": 0.053153368110402166,
      "memory_growth_mb": 0.49609375,
      "cpu_efficiency": 32.103670071888004,
      "latency_p95": 29.65984869003296,
      "latency_p99": 29.65984869003296,
      "hottest_function": "",
      "profile_data": null
    },
    "emotion_analyzer": {
      "analyzer_name": "emotion_analyzer",
      "test_count": 5,
      "total_time": 3.0073893070220947,
      "avg_time": 0.6014451503753662,
      "min_time": 0.01435399055480957,
      "max_time": 2.944007635116577,
      "median_time": 0.015352964401245117,
      "avg_cpu_percent": 34.83333333333333,
      "avg_memory_mb": 407.0377604166667,
      "peak_memory_mb": 407.5,
      "success_rate": 100.0,
      "error_count": 0,
      "items_per_second": 1.662571582709716,
      "memory_growth_mb": 341.75390625,
      "cpu_efficiency": 0.14354066985645936,
      "latency_p95": 2.944007635116577,
      "latency_p99": 2.944007635116577,
      "hottest_function": "",
      "profile_data": null
    }
  },
  "hyperfine_results": null
}