{
  "internal_comparison": {
    "advanced_algorithmic": {
      "analyzer_name": "advanced_algorithmic",
      "test_count": 5,
      "total_time": 0.021099567413330078,
      "avg_time": 0.004183769226074219,
      "min_time": 0.0008873939514160156,
      "max_time": 0.015954971313476562,
      "median_time": 0.0011649131774902344,
      "avg_cpu_percent": 0.0,
      "avg_memory_mb": 390.40234375,
      "peak_memory_mb": 390.40234375,
      "success_rate": 100.0,
      "error_count": 0,
      "items_per_second": 236.97168297588647,
      "memory_growth_mb": 0.34765625,
      "cpu_efficiency": 0,
      "latency_p95": 0.015954971313476562,
      "latency_p99": 0.015954971313476562,
      "hottest_function": "",
      "profile_data": null
    },
    "qwen": {
      "analyzer_name": "qwen",
      "test_count": 5,
      "total_time": 50.0101432800293,
      "avg_time": 0,
      "min_time": 0,
      "max_time": 0,
      "median_time": 0,
      "avg_cpu_percent": 0.09375,
      "avg_memory_mb": 406.58685893397177,
      "peak_memory_mb": 406.95703125,
      "success_rate": 0.0,
      "error_count": 5,
      "items_per_second": 0.0,
      "memory_growth_mb": 0.83984375,
      "cpu_efficiency": 0.0,
      "latency_p95": 0,
      "latency_p99": 0,
      "hottest_function": "",
      "profile_data": null
    },
    "emotion_analyzer": {
      "analyzer_name": "emotion_analyzer",
      "test_count": 5,
      "total_time": 2.7084908485412598,
      "avg_time": 0.5416662216186523,
      "min_time": 0.014955759048461914,
      "max_time": 2.642652988433838,
      "median_time": 0.016518831253051758,
      "avg_cpu_percent": 47.43333333333333,
      "avg_memory_mb": 407.6393229166667,
      "peak_memory_mb": 408.015625,
      "success_rate": 100.0,
      "error_count": 0,
      "items_per_second": 1.8460464810848087,
      "memory_growth_mb": 347.5703125,
      "cpu_efficiency": 0.10541110330288124,
      "latency_p95": 2.642652988433838,
      "latency_p99": 2.642652988433838,
      "hottest_function": "",
      "profile_data": null
    }
  },
  "hyperfine_results": null
}