{
  "processing_info": {
    "total_processed": 3,
    "processing_time": 0.020297527313232422,
    "timestamp": "2025-08-28 21:13:04"
  },
  "results": [
    {
      "artist": "Kendrick Lamar",
      "title": "Not Like Us",
      "features": {
        "rhyme_density": 1.0,
        "perfect_rhymes": 119.0,
        "internal_rhymes": 141.0,
        "alliteration_score": 0.08284883720930232,
        "ttr_score": 0.515625,
        "average_word_length": 4.572443181818182,
        "complex_words_ratio": 0.11363636363636363,
        "metaphor_count": 48.0,
        "wordplay_instances": 14.0,
        "creativity_score": 0.8806818181818182,
        "average_syllables_per_line": 6.931372549019608,
        "stress_pattern_consistency": 0.0,
        "flow_breaks": 147.0,
        "overall_complexity": 0.5990767045454546,
        "artistic_sophistication": 0.531814878435518,
        "technical_skill": 0.7,
        "innovation_score": 0.7857954545454545
      }
    },
    {
      "artist": "Kendrick Lamar",
      "title": "HUMBLE.",
      "features": {
        "rhyme_density": 1.0,
        "perfect_rhymes": 391.0,
        "internal_rhymes": 117.0,
        "alliteration_score": 0.037422037422037424,
        "ttr_score": 0.4170403587443946,
        "average_word_length": 4.647982062780269,
        "complex_words_ratio": 0.09192825112107623,
        "metaphor_count": 12.0,
        "wordplay_instances": 14.0,
        "creativity_score": 0.5829596412556054,
        "average_syllables_per_line": 6.573529411764706,
        "stress_pattern_consistency": 0.0,
        "flow_breaks": 132.0,
        "overall_complexity": 0.5,
        "artistic_sophistication": 0.36952257535217176,
        "technical_skill": 0.6502242152466368,
        "innovation_score": 0.6282511210762332
      }
    },
    {
      "artist": "Kendrick Lamar",
      "title": "euphoria",
      "features": {
        "rhyme_density": 1.0,
        "perfect_rhymes": 169.0,
        "internal_rhymes": 173.0,
        "alliteration_score": 0.06949458483754513,
        "ttr_score": 0.46522131887985546,
        "average_word_length": 4.6531165311653115,
        "complex_words_ratio": 0.11472448057813911,
        "metaphor_count": 53.0,
        "wordplay_instances": 51.0,
        "creativity_score": 0.939476061427281,
        "average_syllables_per_line": 8.724409448818898,
        "stress_pattern_consistency": 0.0,
        "flow_breaks": 182.0,
        "overall_complexity": 0.6011743450767841,
        "artistic_sophistication": 0.5362051956861326,
        "technical_skill": 0.6791327913279133,
        "innovation_score": 0.8156278229448962
      }
    }
  ]
}